PRINT LIST,WEBSITE,Venues/Locations,Brewery,Beer Name,Style,ABV,Description,Untappd url,Limited Release?,Other Info,
y,,Black Diamond Brewery and Distillery,Black Diamond,Erics English IPA,English IPA,6.3,A traditional English styled IPA that balances caramel malts with floral and fruity hop character. A throwback to the earliest beginnings of the India Pale Ale style.,,,,
y,,Black Diamond Brewery and Distillery,Black Diamond,Diamond Lite,Kolsch,4,Black Diamond Lite is a Kolsch brewed with traditional German Hallertau Mittelfruh hops. Subtle maltiness and mild sweetness with pleasant hoppiness.,,,,
y,,Black Diamond Brewery and Distillery,Black Diamond,Shandy Rush,Shandy,4.5,"Sunshine in a glass. This refreshing shandy combines a crisp Kolsch base with bright lemonade for citrus flavor and easy-drinking refreshment. Light, lively, and dangerously crushable.",,,,
y,,Black Diamond Brewery and Distillery,Black Diamond,Pay Dirt,Brown Ale,5,"Smooth, rich, and easygoing with caramel, toasted malt, and a hint of chocolate. American honey adds warmth and sweetness, rounding out the deep malt character.",,,,
Y,,Casa Nueva,Devil's Kettle,Heathenweizen,Hefeweizen,5.1%,,,,,
Y,,Casa Nueva,Littlefish,Guava Reinheitsgewhat!?,Sour,4.2%,"""Quick-sour"" wheat ale with Guava.",,,,
Y,,Casa Nueva,Constellation,Rotating Kombucha,Kombucha,0.0%,,,,,
Y,,Casa Nueva,Rice Family Brewing,Blonde Stout,Blonde Stout,,,,,,
Y,,Casa Nueva,Weaselboy,Tickle Me IPA,American IPA,,,,,,
Y,,Casa Nueva,Rockmill,White,Belgian Ale,,,,,,
Y,,Casa Nueva,Three Tigers Brewing,Lonesome Suzie,Helles Lager,4.8%,"Crisp, clean with a nice balance between a soft, bready malt character with a subtle, spicy finish.",,,,
Y,,Casa Nueva,Jackie O's,Razz Wheat,Raspberry Wheat Ale,,,,,,
Y,,Cat's Eye Saloon,Fat Heads,Bumbleberry,Honey Blueberry Ale,5.3%,,,,,
Y,,Cat's Eye Saloon,Fat Heads,Bumbleberry Lemonade,Shandy,3.0%,,,,,
Y,,Cat's Eye Saloon,Fat Heads,Hop Thunder Down Under Southern Hemisphere,IPA,6.8%,,,,,
Y,,Cat's Eye Saloon,Fat Heads,Headhunter,IPA,7.5%,,,,,
Y,,Cat's Eye Saloon,Fat Heads,Leafman Lager,Lager,4.8%,,,,,
Y,,Cat's Eye Saloon,Fat Heads,Lime Feeling Good Cerveza,Mexican-Style Lager,4.9%,,,,,
Y,,Cat's Eye Saloon,Great Lakes,Christmas Ale,,7.5%,,,,,
Y,,Cat's Eye Saloon,Great Lakes,Orange Honey Wheat,Wheat,5.5%,,,,,
Y,,Cat's Eye Saloon,Great Lakes,Midwest IPA,IPA,7.0%,,,,,
Y,,Cat's Eye Saloon,Great Lakes,Orange & Lime Shandy,Shandy,4.0%,,,,,
Y,,Cat's Eye Saloon,Great Lakes,Mexican Lager with Lime,Lager,5.4%,,,,,
Y,,Cat's Eye Saloon,Great Lakes,Independence ,American Double IPA,8.0%,,,,,
Y,,Cat's Eye Saloon,Collision Bend,Lake Erie Sunset ,Wheat,5.6%,,,,,
Y,,Cat's Eye Saloon,Collision Bend,Brewers Choice,Saison,,,,,,
Y,,Cat's Eye Saloon,Nocterra Brewing,Beta Flash,New England IPA,6.7%,,,,,
Y,,Cat's Eye Saloon,Nocterra Brewing,Carfagna's Bocce Beer,Italian Pilsner,5.2%,,,,,
y,,Cat's Eye Saloon,Fat Head's Brewery,Bumble Berry, Honey Blueberry Ale,5.3%,"Brewed with spring honey and infused with fresh blueberry puree. Light, refreshing ale. ",,,,
y,,Cat's Eye Saloon,Fat Head's Brewery,Head Hunter ,West Coast IPA ,7.5%,"Award Winning, agrressively dry hopped, west coast style IPA with a huge hop display of pine, grapefruit, citrus, and pineapple. ",,,,
y,,Cat's Eye Saloon,Fat Head's Brewery,Leaf Man Lager,American Lager,4.8%,"A full bodied, American craft lager benefitting Cleveland Metroparks Trails Fund. ",,,,
y,,Cat's Eye Saloon,Fat Head's Brewery,Lime Feelin' Good,Lime Cerveza,4.9%,Lightly hopped lager fermented with Mexican style lager yeast for authenticity and infused with dehydrated pulvarized limes. ,,,,
y,,Cat's Eye Saloon,Fat Head's Brewery,Bumble Berry Lemonade Shandy,Blueberry Lemon Shandy,3.0%,A bright twist on everyone's favorite Bumble Berry! ,,,,
y,,Cat's Eye Saloon,Fat Head's Brewery,Kiwi Breeze,Southern Hemisphere Extra Pale Ale,5.5%,"Southern-hemisphere hop Galaxy of the Nectar delivers citrus, white wine, and peach flavors.",,,,
y,,Ciderhouse MFG,West End Ciderhouse,Kelly's Dry,Cider,6.7%,"Crisp, refreshing, dry cider.",,,,
y,,Ciderhouse MFG,West End Ciderhouse,All Ohio,Cider,6.2%,"Ohio harvest driven varieties, semisweet, never too sweet.",,,,
y,,Ciderhouse MFG,West End Ciderhouse,Peach Melba,Cider,6.3%,"Red Raspberries and peaches with a hint of vanilla, semisweet.",,,,
y,,Ciderhouse MFG,West End Ciderhouse,Tart Cherry Cider,Cider,6.3%,"Cherry infused cider, tart and refreshing, semisweet.",,,,
y,,Ciderhouse MFG,West End Ciderhouse,Roxbury,Cider,7.5%,"Single variety dry cider from 2024 harvest, one of the OG American varieties, bitter-sharp apple.",,,,
y,,Ciderhouse MFG,West End Ciderhouse,Rosa,Cider,6.2%,"Rosehips + hibiscus tea blend steeped in cider, semidry.",,,,
y,,Ciderhouse MFG,West End Ciderhouse,BBA Goldrush,Cider,8.7%,Goldrush Dry aged 3 Years in 1st Gen Buffalo Trace barrel. 100% Goldrush apples      ,Single variety imperial dry cider aged in bourbon barrel.,,,
y,,Ciderhouse MFG,West End Ciderhouse,Blueberry,Cider,6.1%,,"Semisweet, infused with blueberries.",,,
y,,Ciderhouse MFG,West End Ciderhouse,Zingiber,Cider,6.9%,,"Cider seasoned with fresh squeezed ginger root and lemons, semidry, year round favorite.",,,
y,,Ciderhouse MFG,West End Ciderhouse,Breakfast,Cider,6.4%,,"Irish Breakfast Tea infused cider, thirst quenching, semidry.",,,
y,,Ciderhouse MFG,West End Ciderhouse,Plum,Cider,7.2%,,"Plums offer a hint of fruity complexity, semisweet.",,,
Y,,Ciderhouse Tavern,West End Ciderhouse,Tart Cherry Cider,Cider,6.3%,"Cherry infused cider, tart and refreshing, semidry.",,,,
Y,,Ciderhouse Tavern,West End Ciderhouse,Melomel,Mead,14.2%,Dry mead aged with Montmorency cherries. Rich and warming.,,,,
Y,,Ciderhouse Tavern,West End Ciderhouse,Zingiber,Cider,6.9%,"Cider seasoned with fresh squeezed ginger root and lemons, semidry, year round favorite.",,,,
Y,,Ciderhouse Tavern,West End Ciderhouse,Peach Melba,Cider,6.3%,"Red Raspberries and peaches with a hint of vanilla, semisweet.",,,,
Y,,Ciderhouse Tavern,West End Ciderhouse,Kelly's Dry,Cider,6.7%,Crisp and refreshing dry cider. ,,,,
Y,,Ciderhouse Tavern,West End Ciderhouse,All Ohio,Cider,6.2%,"Ohio harvest driven varieties, semisweet, never too sweet.",,,,
Y,,Ciderhouse Tavern,West End Ciderhouse,Blackberry,Cider,7.0%,"Blackberry infused cider, semidry.",,,,
Y,,Ciderhouse Tavern,West End Ciderhouse,Aged Mead,Mead,13.5%,"Dry honey wine, aged in Elijah Craid bourbon barrel.",,,,
Y,,Ciderhouse Tavern,West End Ciderhouse,Roxbury,Cider,7.5%,"Single variety dry cider from 2024 harvest, one of the OG American varieties, bitter-sharp apple.",,,,
Y,,Ciderhouse Tavern,West End Ciderhouse,5 Star Strawberry,Cider,6.5%,"Strawberry infused cider, semisweet, a seasonal pairing you won't want to miss.",,,,
Y,,Ciderhouse Tavern,West End Ciderhouse,Blue Lemon,Cider,6.0%,"Blueberries and fresh lemon juice, light and refreshing, semidry.",,,,
Y,,Ciderhouse Tavern,Appalachian Artisan Ales,The Path Back,Imperial Coffee Stout,12.5%,"Conditioned on fresh beans from Brew X Coffee Roasting in Montana, owned and operated by a Southern Ohio native now in Hamilton, MT",,,,
Y,,Ciderhouse Tavern,Appalachian Artisan Ales,Doc B's Elixir,Hard Seltzer,4.0%,Blueberry Pomegranate hard seltzer,,,,
Y,,Courtside Pizza,Columbus Brewing Company,Peach Bodhi,Double IPA,7.80%,"A fresh, juicy burst of peach to the classic Bodhi profile. Smooth, vibrant, and fruit-forward",,,,
Y,   ,Courtside Pizza,Columbus Brewing Company,Ohio Light Lime,Lager,4.20%,"Fresh squeeze of lime, low calorie, and delivers a crisp, refreshing flavor",,,,
Y,,Courtside Pizza,50 West Brewing Company,Rainbow Road,Summer IPA,5.80%,Summer IPA full of subtle lemon and strawberry flavors ,,,,
Y,,Courtside Pizza,50 West Brewing Company,Coast to Coast,IPA,6.80%,Infused with blood oranges and hopped with Azacca and Centenial hops,,,,
Y,,Courtside Pizza,50 West Brewing Company,Doom Pedal,White Ale,5.50%,Belgium style white ale,,,,
Y,,Courtside Pizza,50 West Brewing Company,Surfin' USA,Tropical Sour Ale,6.30%,"Tropical sour stacked w/ pink guava, pineapple, and mango",,,,
Y,,Devil's Kettle,Devil's Kettle,Helles Awaits,Munich Helles Lager,5.0%,,,,,
Y,,Devil's Kettle,Devil's Kettle,Galatea Dunkel,Munich Dunkel Lager,5.2%,,,,,
Y,,Devil's Kettle,Devil's Kettle,Dark Intentions,Black Pilsner,6.0%,,,,,
Y,,Devil's Kettle,Devil's Kettle,Truck Wreck,Doppelbock,7.7%,,,,,
Y,,Devil's Kettle,Devil's Kettle,Heathenweizen,Hefeweizen,5.1%,,,,,
Y,,Devil's Kettle,Devil's Kettle,Anchor's Away,Amber Steam Beer,5.7%,,,,,
Y,,Devil's Kettle,Devil's Kettle,Gen Zed,English Mild Ale,3.8%,,,,,
Y,,Devil's Kettle,Devil's Kettle,Spider Silk,Imperial Blonde,7.0%,,,,,
Y,,Devil's Kettle,Devil's Kettle,Ava's Maple Amber,Amber w/ Local Maple Syrup,6.0%,,,,,
Y,,Devil's Kettle,Devil's Kettle,Pawpaw Passion Fruit,Pilsner with Fruit,5.2%,,,,,
Y,,Devil's Kettle,Devil's Kettle,McGinn's (Nitro),Dry Irish Stout,5.2%,,,,,
Y,,Devil's Kettle,Devil's Kettle,Sam Owes Us,Coconut Chocolate Irish Stout,5.6%,,,,,
Y,,Devil's Kettle,Devil's Kettle,Ragtag,Peanut Butter Cup Stout,6.0%,,,,,
Y,,Devil's Kettle,Devil's Kettle,Peach Mango Sour,Fruited Sour Ale,5.0%,,,,,
Y,,Devil's Kettle,Devil's Kettle,Athens Standard,Super Lager,5.2%,,,,,
Y,,Devil's Kettle,Devil's Kettle,Pale Satan,Pale Ale,5.2%,,,,,
Y,,Devil's Kettle,Devil's Kettle,Sun Fest,West Coast Pilsner,5.5%,,,,,
Y,,Devil's Kettle,Devil's Kettle,Fuller Nelson,IPA,6.0%,,,,,
Y,,Devil's Kettle,Devil's Kettle,Dream Fluff,Hazy IPA,6.8%,,,,,
Y,,Devil's Kettle,Devil's Kettle,DK Eleven,Double IPA,9.0%,,,,,
Y,,Devil's Kettle,Devil's Kettle,Joneswood Slide,"Bourbon Barrel Stout with cacao, coffee, and vanilla beans",10.0%,,,,,
Y,,Devil's Kettle,Devil's Kettle,Rye in 2,Ryewine aged in Rye Whiskey Barrels,12.5%,,,,,
Y,,Devil's Kettle,Devil's Kettle,Vintage Barleywine,Barrel Aged Barelywine,13.0%,,,,,
Y,,Dutch Creek Winery,Dutch Creek Winery,Royal Affair,Mead - Metheglin,13.50%,Earl Grey Tea Honey Wine,https://untappd.com/b/dutch-creek-winery-royal-affair/1692961,,,
Y,,Dutch Creek Winery,Dutch Creek Winery,Peach Blush,Mead - Pyment,11.50%,Peach Catawba Grape Honey Wine,https://untappd.com/b/dutch-creek-winery-peach-blush/3908646,,,
Y,,Dutch Creek Winery,Dutch Creek Winery,Peg Leg Cherry,Mead -  Melomel,11.50%,Sweet Cherry Lime Honey Wine,https://untappd.com/b/dutch-creek-winery-cherry-lime/2071729,,,
Y,,Dutch Creek Winery,Dutch Creek Winery,Dry Hard Cider,Cider - Dry,5.25%,New England Hard Cider,https://untappd.com/b/dutch-creek-winery-dry-hard-cider/4228019,,,
Y,,Dutch Creek Winery,Dutch Creek Winery,Sweet Tea Hard Cider,Cider - Sweet,5.25%,Sweet Tea Hard Cider,https://untappd.com/b/dutch-creek-winery-sweet-tea-hard-cider/5136123,,,
Y,,Dutch Creek Winery,Dutch Creek Winery,Chai Tea Cider,Cider - Spiced,5.25%,Chai Tea Cider,https://untappd.com/b/dutch-creek-winery-chair-tea-hard-cider/5407477,,,
Y,,Dutch Creek Winery,Dutch Creek Winery,Hopped Cider,Cider - Hopped,5.25%,Cider with Cascade Hops,https://untappd.com/DutchCreekWinery/beer,,,
Y,,Dutch Creek Winery,Rice Family Brewing,Honey Lager,Lager - Amercian ,5.00%,A light lager brewed with barley roasted to a honey finish,https://untappd.com/Rice_Family_Brewing/beer,,,
Y,,Dutch Creek Winery,Rice Family Brewing,Pilsner,Pilsner,5.50%,A big balanced Pilsner,https://untappd.com/Rice_Family_Brewing/beer,,,
Y,,Dutch Creek Winery,Rice Family Brewing,Nuke It From Orbit Strong Ale,American Strong Ale,7.00%,A big balanced Pilsner,https://untappd.com/b/rice-family-brewing-nuke-it-from-orbit/6601930,,,
Y,,Dutch Creek Winery,Rice Family Brewing,Midnight Honey Porter,Porter,5.00%,Honey Porter Brewed Using Dutch Creek Winery Honey,https://untappd.com/b/rice-family-brewing-midnight-honey-porter/5216482/,,,
Y,,Dutch Creek Winery,Rice Family Brewing,Spring Cherry Belgian,Spring Belgian,6.20%,A smooth drinking Spring Belgian with a hint of cherries,https://untappd.com/b/rice-family-brewing-cherry-spring/6735714,,,
Y,,Dutch Creek Winery,Rice Family Brewing,SquatchCoe,Hazy IPA,6.00%,Big Bold and Hazy IPA brewed with Simcoe in honor of Sasquatch,https://untappd.com/b/rice-family-brewing-squatchcoe/5444300,,,
Y,,Dutch Creek Winery,Rice Family Brewing,Ol' 250 Blonde Ale ,Belgian Blonde Ale,6.60%,Blonde ale that is true to form,https://untappd.com/Rice_Family_Brewing/beer,,,
Y,,Dutch Creek Winery,Rice Family Brewing,RFB Straw Blonde,Strawberry Blonde Ale,4.50%,Strawberry Blonde Ale,https://untappd.com/Rice_Family_Brewing/beer,,,
Y,,Dutch Creek Winery,Rice Family Brewing,Baker Ten Weiss,Wheat Beer - Hefeweizen,5.20%,A German Inspired Wheat Ale,https://untappd.com/b/rice-family-brewing-baker-ten-weiss/5464008,,,
Y,,Dutch Creek Winery,Rice Family Brewing,Thanksgiving Leftovers,Wheat Beer - American Pale Wheat,5.00%,A Wheat Ale with the tartness of cranberries,https://untappd.com/b/rice-family-brewing-baker-ten-weiss/5464008,,,
Y,,Dutch Creek Winery,Rice Family Brewing,Green Bridge Ale,Pale Ale - American,6.40%,A pale American Ale,https://untappd.com/b/rice-family-brewing-green-bridge-ale/5460763,,,
Y,,Dutch Creek Winery,Rice Family Brewing,City Tricks Amber,Belgian Dubbel,7.70%,Belgian Dubbel,https://untappd.com/Rice_Family_Brewing/beer,,,
Y,,Dutch Creek Winery / Eclipse Company Store,Dutch Creek Winery,American Mead,Mead,13.50%,Honey Wine - Dryer and Well-Balanced,https://untappd.com/b/dutch-creek-winery-american-mead/1926220,,,
Y,,Dutch Creek Winery / Eclipse Company Store,Dutch Creek Winery,Commonwealth's Revenge,Mead,13.50%,Bourbon Barrell Aged Honey Wine,https://untappd.com/b/dutch-creek-winery-commonwealth-revenge/1957310,,,
Y,,Dutch Creek Winery / Eclipse Company Store,Dutch Creek Winery,Booty Blue,Mead - Melomel,11.50%,Sweet Blueberry Lemon Honey Wine,https://untappd.com/b/dutch-creek-winery-blueberry-lemon/2021218,,,
Y,,Dutch Creek Winery / Eclipse Company Store,Dutch Creek Winery,Black Diamond Sangria,Mead - Pyment,11.50%,Blackberry Diamond Grape Honey Wine,https://untappd.com/b/dutch-creek-winery-black-diamond-sangria/2763302,,,
Y,,Dutch Creek Winery / Eclipse Company Store,Dutch Creek Winery,Strawberry Dreams,Mead - Pyment,11.50%,Strawberry Cayuga Grape Honey Wine,https://untappd.com/b/dutch-creek-winery-autumn-harvest/1870120,,,
Y,,Dutch Creek Winery / Eclipse Company Store,Dutch Creek Winery,Apple Harvest Spice,Cider - Spiced,5.25%,Apple Pie in a Glass,https://untappd.com/DutchCreekWinery/beer,,,
Y,,Dutch Creek Winery / Eclipse Company Store,Dutch Creek Winery,Mint Julep Cider,Cider - Spiced,5.25%,Mint Spiced Cider aged with Bourbon Barrell wood,https://untappd.com/b/dutch-creek-winery-mint-julep/5529096,,,
Y,,Eclipse Company Store,Fat Head's,Sunshine Daydream,Session IPA,4.9%,"This beer has big hop aromas and flavors of citrus, tangerine, and tropical fruit.",https://untappd.com/b/fat-head-s-brewery-sunshine-daydream/181608,,,
Y,,Eclipse Company Store,Fat Head's,Hazy Head Hunter,New England/Hazy IPA,6.5%,"A juicy, unfiltered twist on Fat Head's Brewery's iconic West Coast-style Head Hunter ",https://untappd.com/b/fat-head-s-brewery-hazy-head-hunter-ipa/6526974,,,
Y,,Eclipse Company Store,Fat Head's,Goggle Fogger Hefe Weizen,Hefeweizen,5.2%,"Unfiltered wheat beer with flavors and aromas of wheat. bubblegum, clove, and spice",https://untappd.com/b/fat-head-s-brewery-goggle-fogger-hefe-weizen/8091,,,
Y,,Eclipse Company Store,Fat Head's,Lime Feelin' Good,Mexican Lager,4.9%,Lightly hopped Mexican-style lager with a zesty citrus finish. Fermented with Mexican-style lager yeast for authenticity.,https://untappd.com/b/fat-head-s-brewery-lime-feelin-good/3323159,,,
Y,,Eclipse Company Store,Fat Head's,Infra-Red Red Ale,American Amber/Red Ale,5.0%,Toasted and sweet caramel malts are balanced with citrus hops in a crisp and clean Red Ale.,https://untappd.com/b/fat-head-s-brewery-infra-red-red-ale/6715357,,,
Y,,Eclipse Company Store,Fat Head's,Bumble Berry Lemonade Shandy,Fruit Beer,3.0%,"A refreshing, vibrant, and sweet-tart version of Fat Head's Bumbleberry Honey Blueberry Ale",https://untappd.com/b/fat-head-s-brewery-bumble-berry-lemonade/6685297,,,
Y,,Eclipse Company Store,Little Fish,Abseil Pils,German Pilsner,5.5%,"A German-style pilsner, brewed with European noble hops, Weyermann Barke Pilsner malt, and fermented cold.",https://untappd.com/b/little-fish-brewing-company-abseil-pils/5563473,,,
Y,,Eclipse Company Store,Little Fish,Karmanfest,Vienna Lager,5.7%,German-style amber lager made with the finest German malt and hops to create this smooth-sippin lager.,https://untappd.com/b/little-fish-brewing-company-karmanfest/1259165,,,
Y,,Eclipse Company Store,Little Fish,Lil' Harvey's Milk Stout,Milk Stout,5.5%,"A rich and smooth milk stout made with lactose sugar, derived from milk to increase its velvety body. ",https://untappd.com/b/little-fish-brewing-company-lil-harvey-s-milk-stout/1154710,,,
Y,,Eclipse Company Store,Little Fish,Sylph,Cold IPA,6.5%,"Brewed with flaked rice and pilsner malt, and fermented with a lager yeast at cold temps.",https://untappd.com/b/little-fish-brewing-company-sylph/6446953,,,
Y,,Eclipse Company Store,Little Fish,Soft Distortion,New England/Hazy IPA,6.7%,"Hazy IPA brewed with individually selected, rotating hops. Batches will probably never be made the same way twice.",https://untappd.com/b/little-fish-brewing-company-soft-distortion/6708546,,,
Y,,Eclipse Company Store,The Brew Kettle,White Rajah,American IPA,6.8%,West Coast style IPA full of citrus-like and tropical fruit-like hop flavor and aroma with a smooth bitter finish. ,https://untappd.com/b/the-brew-kettle-white-rajah/23046,,,
Y,,Eclipse Company Store,The Brew Kettle,Mango Rajah,American IPA,6.0%,West Coast style IPA with a tropical twist. Ripe mangoes blended with piney hops and tangy citrus notes.,https://untappd.com/b/the-brew-kettle-mango-rajah/5767052,,,
Y,,Eclipse Company Store,The Brew Kettle,Major Lager,American Light Lager,4.5%,A traditional light American Lager with a crisp taste and a slight bite of American hops. ,https://untappd.com/b/the-brew-kettle-major-lager/3155700,,,
Y,,Eclipse Company Store,The Brew Kettle,Light Rajah,Session IPA,4.3%,"Light and refreshing taste on a classic West Coast-style IPA bursting with citrus flavor and a crisp, clean finish. ",https://untappd.com/b/the-brew-kettle-light-rajah/5788138,,,
Y,,Eclipse Company Store,The Brew Kettle,Headlands Ohio Pilsner,Pilsner,4.7%,Crisp and clean with a floral hop nose and finish and brewed using west branch malting pilsner out of Brunswick.,https://untappd.com/b/the-brew-kettle-headlands-ohio-pilsner/4939720,,,
Y,,Eclipse Company Store,Northern Row,Heckler,New England/Hazy IPA,7.0%,Citrus forward Hazy IPA with hints of juicy tangerine and grapefruit.,https://untappd.com/b/northern-row-brewery-heckler/3587529,,,
Y,,Eclipse Company Store,Northern Row,Redlegger Amber Ale,Traditional Altbier,5.2%,Traditional Altbier with a balanced malt sweetness and clean finish created in honor of the first pro baseball team that emerged out of Cincinnati. ,https://untappd.com/b/northern-row-brewery-redlegger-amber-ale/6645258,,,
Y,,Eclipse Company Store,Northern Row,Hustler,Helles Lager,4.5%,Light German lager with all traditional malt and noble hops.,https://untappd.com/b/northern-row-brewery-hustler/3825852,,,
Y,,Eclipse Company Store,Northern Row,Designer,Hefeweizen,5.2%,German-style hefeweizen featuring expressions of banana and clove. Brewed with wheat and a weissbier yeast strain. ,https://untappd.com/b/northern-row-brewery-designer/3701384,,,
Y,,Eclipse Company Store,Devil's Kettle,Ragtag,Stout,6.0%,"Bourbon barrel aged stout infused with peanut butter, cocoa nibs, and coffee. Designed to mimick Tagalong cookies.",https://untappd.com/b/devil-s-kettle-brewing-ragtag/3123126,,,
Y,,Eclipse Company Store,Devil's Kettle,Ava's Maple Amber,American Amber/Red Ale,6.0%,"An American Amber/Red Ale with a rich, balanced malt profile with locally sourced maple for a subtle sweetness. ",https://untappd.com/b/devil-s-kettle-brewing-ava-s-maple-amber/6715482,,,
Y,,Eclipse Company Store,Devil's Kettle,Dream Fluff,New England/Hazy IPA,6.6%,"Smooth bodied hazy IPA with Azacca, Citra, and Simcoe hops and a malt backbone of wheat and oats.",https://untappd.com/b/devil-s-kettle-brewing-dream-fluff/3205738,,,
Y,,Eclipse Company Store,Devil's Kettle,Helles Awaits,Helles Lager,5.0%,A light but full flavored malty lager that's perfect for warmer weather. ,https://untappd.com/b/devil-s-kettle-brewing-helles-awaits/2028826,,,
Y,,Eclipse Company Store,Devil's Kettle,Athens Standard,Pale Lager,5.5%,Hybrid between a German pilsner and an American pale ale with a crisp lager backbone. ,https://untappd.com/b/devil-s-kettle-brewing-athens-standard/3695729,,,
Y,,Eclipse Company Store,Devil's Kettle,Spider Silk,Blonde/Golden Ale,7.0%,"Light but strong blonde ale blending elements of English, German, and American brewing ingredients and traditions. ",https://untappd.com/b/devil-s-kettle-brewing-spider-silk/1111997,,,
Y,,Eclipse Company Store,Third Eye Brewing,Nirvana or Bust,NEIPA,7.0%,"Medium in body and smooth in mouthfeel, this easy drinking NEIPA is ripe with juicy notes of citrus, grapefruit, and a little bit of pine. It’s double dry-hopped with Nelson Sauvin hops as well as some Citra and Columbus for heightened hop aroma and flavor. Contains Lactose.",https://untappd.com/b/third-eye-brewing-company-nirvana-or-bust/4110810,,,
Y,,Eclipse Company Store,Third Eye Brewing,Third Eye P.A ,IPA,6.3%,"A beer lover’s delight, this beer has plenty of hops to go around. The grain bill was designed to balance the dank, piney, and grapefruit hop flavors. Old and new school hops Simcoe, Centennial, Cascade, and Columbus combine to give a prominent bouquet of aroma and flavor.",https://untappd.com/b/third-eye-brewing-company-third-eye-p-a/3827506,,,
Y,,Eclipse Company Store,Third Eye Brewing,Untapped Potential,Kolsch,5.0%,"The Kölsch style originated in Cologne, Germany. German malts, hops, and yeast keep this beer true to its heritage making it crisp, delicate, and extremely drinkable. This beer has won awards in the 2020, 2021, 2022 and 2023 Ohio Craft Brewer’s Cup and took “Best in Show” for the competition in 2020.",https://untappd.com/b/third-eye-brewing-company-untapped-potential/3827501,,,
Y,,Eclipse Company Store,Third Eye Brewing,Enlightenment,Wheat,5.00%,"American wheats make for refreshing, light, thirst quenching beer. 400 lbs of raspberries coupled with a wheaty malt bill make for smooth, sweet sips. Overall, it’s tart and mildly sweet, like biting into fresh fruit.",https://untappd.com/b/third-eye-brewing-company-enlightenment/3827493,,,
Y,,Eclipse Company Store,Land Grant,Galaxy Brain,Imperial/Double IPA,8.7%,"Blend of Australia's finest Galaxy hops deliver world-expanding citrus, peach, and passionfruit aromatics. ",https://untappd.com/b/land-grant-brewing-company-galaxy-brain/4006154,,,
Y,,Eclipse Company Store,Land Grant,Jeni's Spendid Strawberry Rhubarb Ale,Fruit Beer,5.3%,"Wheat ale featuring Columbus hops and concentrates of strawberry, aronia, and rhubarb for a berry-forward flavor. Made in collaboration with Ohio based Jeni's Splendid Ice Cream. ",https://untappd.com/b/land-grant-brewing-company-jeni-s-splendid-strawberry-rhubarb-ale/5372534,,,
Y,,Eclipse Company Store,Land Grant,LG Light,American Light Lager,4.2%,A crisp and clean light American Lager that's brewed for maximum refreshment with a smooth finish,https://untappd.com/b/land-grant-brewing-company-lg-light/6269944,,,
Y,,Eclipse Company Store,Land Grant,Death By A Thousand Hops,Cold IPA,7.2%,"Cold IPA brewed with 100% Weyermann Pilsner malt. Notes of tangerine, tropical fruit, and bright citrus with a crisp bitterness and bone-dry finish.",Not available.,Pub Exclusive,,
Y,,Eclipse Company Store,Rhinegeist,Cincy Light Lime,American Light Lager,4.2%,Rhinegeist's take on a classic American Light Lager with a lime twist. In partnership with Cincy Reigns benefitting student athletes. ,https://untappd.com/b/rhinegeist-brewery-cincy-light-lime/6060621,,,
Y,,Eclipse Company Store,Rhinegeist,Juicy Truth,New England/Hazy IPA,6.5%,"Hazy IPA brimming with notes of juicy pineapple, fresh mango, and bright citrus.",https://untappd.com/b/rhinegeist-brewery-juicy-truth/1082937,,,
Y,,Eclipse Company Store,Rhinegeist,Bubbles,Fruit Beer,6.2%,"A bright, dry, bubbly blend of apple and grapefruit. A clean and crisp citrus twist on a Rhinegeist fan favorite. ",https://untappd.com/b/rhinegeist-brewery-grapefruit-bubbles/6667809,,,
Y,,Eclipse Company Store,Rhinegeist,Cheetah,Pale Lager,4.8%,"An agile, easy-drinking Lager that is bright and light with a tinge of malt and citrus character. ",https://untappd.com/b/rhinegeist-brewery-cheetah/2651136,,,
Y,,Eclipse Company Store,Rhinegeist,Marg Monday,Sour,7.4%,"A tart sour ale brimming with notes of fruity tequila, mellow oak, bright citrus, and palate-cleansing salinity. ",https://untappd.com/b/rhinegeist-brewery-marg-monday/3027482,Pub Exclusive,,
Y,,Eclipse Company Store,Brew Dog Brewing,Cold Beer Blueberry,American Light Lager,4.5%,Light American Lager that is lightly hopped and malted with a crisp clean finish that's topped off with a hint of blueberry.,https://untappd.com/b/brewdog-usa-cold-beer-blueberry/6719212,,,
Y,,Eclipse Company Store,Brew Dog Brewing,95,Fruited IPA,4.0%,"Hazy IPA with only 95 calories! A light beer with flavors of apricot, peach, citrus and light floral notes. ",https://untappd.com/b/brewdog-usa-95/5535236,,,
Y,,Eclipse Company Store,Brew Dog Brewing,Imperial IPA,Imperial/Double IPA,8.5%,Imperial IPA built for balance and intensity featuring bright citrus and a layered piney and floral hop character. ,https://untappd.com/b/brewdog-usa-imperial-ipa/6563116,,,
Y,,Eclipse Company Store,Brew Dog Brewing,Elvis Juice,Fruited IPA,6.5%,"An American IPA with pine, orange, and grapefruit paired with a caramel malt base and intense U.S. aroma hops. ",https://untappd.com/b/brewdog-elvis-juice/1441008#google_vignette,,,
Y,,Jackie O's Brewpub,Three Tigers Brewing,Juice Bazooka,Hazy IPA,7.1%,"Smooth, full bodied, and super juicy, this IPA was brewed with huge additions of Citra, Chinook and Mosaic hops",,,,
Y,,Jackie O's Brewpub,Three Tigers Brewing,Lonesome Suzie,Helles Lager,4.8%,"Traditional Helles style Lager is crisp, clean and balanced",,,,
Y,,Jackie O's Brewpub,Jackie O's Brewery,Mystic,,,,,,,
Y,,Jackie O's Brewpub,Jackie O's Brewery,Razz,,,,,,,
Y,,Jackie O's Brewpub,Jackie O's Brewery,O'Hooley's,,,,,,,
Y,,Jackie O's Brewpub,Jackie O's Brewery,Ricky,,,,,,,
Y,,Jackie O's Brewpub,Jackie O's Brewery,Homer's,,,,,,,
Y,,Jackie O's Brewpub,Jackie O's Brewery,Bourbon Barrel Aged Dark Apparition,BA Imperial Stout,14.8%,"Seven malts were used to create deep flavors of coffee, chocolate, caramel, and molasses. A hint of bitterness and herbal character from carefully selected European and American hops help support the monolithic maltiness. After conditioning in stainless steel, the beer was transferred to into bourbon barrels. Dark Apparition waited patiently in oak barrels until the time was right to spring forth with its ghostly gusto. A truly decadent brew that is intended to be poured into your favorite snifter and given time to warm up from its dark and cool resting place.",,,,
Y,,Jackie O's Brewpub,Jackie O's Brewery,Blueberry Lemon Vanilla Dinosaurs on TV,Craft Hard Seltzer,4.5%,"Real fruit Hard Seltzer made with blueberry, lemon and vanilla beans!",,,,
Y,,Jackie O's Brewpub,Jackie O's Brewery,Brown Bag #1,Northeast IPA,7.0%,"Juiced up, limited release Northeastern IPA. Brewed with heaps of oats and wheat for a smooth and supple mouthfeel, then hopped with a ripe combination of Krush, Citra and Motueka hops. Bright notes of tropical citrus dazzle amongst the flavors of a whole fruit cornucopia. This is the first release of our ultra limited 'Brown Bag' series that pushes our boundaries with the way we make IPA, and is only available at Jackie O's locations. FAF Alert!!",,,,
Y,,Jackie O's Brewpub,Jackie O's Brewery,Whole Lotta Colada,Fruited Hazy IPA,7.0%,The official beer of Ohio Brew Week! A Pina Colada inspired Hazy IPA fermented with pineapple puree and conditioned on flaked coconut and vanilla beans. Made in collaboration with OU's Chemistry 4501 Principles of Brewing class.,,,,
Y,,Jackie O's Brewpub,Jackie O's Brewery,Pineapple Tangerine Ginger Perpetum,American Sour Ale,5.5%,"Our Houe Sour Wheat Ale refermented with pineapple, tangerine and ginger.",,,,
Y,,Jackie O's Brewpub,Jackie O's Brewery,The Wheated Man,BA Imperial Stout,15.1%,Wheated Imperial Stout aged in Bourbon barrels for 29 months,,,,
Y,,Jackie O's Brewpub,Jackie O's Brewery,Sing to the Sun,Hazy IPA,6.5%,"Light and easy drinking Hazy IPA with tropical notes of mango, passionfruit and sweet tangerine",,,,
Y,,Jackie O's Brewpub,Jackie O's Brewery,Hard Cider,Hard Cider,5.8%,"Craft Hard Cider made with apples from New York and Michigan. Smooth, approachable and easy drinking",,,,
Y,,Jackie O's Brewpub,Jackie O's Brewery,Black Currant Perpetum,American Sour Ale,5.5%,House Sour Wheat Ale refermented with black currants.,,,,
Y,,Jackie O's Brewpub,Jackie O's Brewery,Primary,Mixed Fermentation style Saison,5.5%,Mixed Fermentation style Saison aged in wine barrels.,,,,
Y,,Jackie O's Brewpub,Jackie O's Brewery,Ridgetop Radler,Radler style Lager,4.6%,Crispy lager with Rio Red grapefruit juice added.,,,,
Y,,Jackie O's Taproom,Combustion Brewery,Combustion IPA,India Pale Ale,6.5%,"Notes of vibrant tropical fruit, orange, mango, and lemon. Fresh, balanced, and highly drinkable.",,,,
Y,,Jackie O's Taproom,"Yellow Springs, Little Fish, Jackie O's",Honey Saison,Farmhouse Ale,5.0%,Collaborative Farmhouse Ale brewed with Ohio malts and Fermented with multiple varietals of Ohio Honey.,,,,
Y,,Jackie O's Taproom,Jackie O's Brewery,Ricky,,,,,,,
Y,,Jackie O's Taproom,Jackie O's Brewery,Mystic,,,,,,,
Y,,Jackie O's Taproom,Jackie O's Brewery,Razz,,,,,,,
Y,,Jackie O's Taproom,Jackie O's Brewery,Who Cooks,,,,,,,
Y,,Jackie O's Taproom,Jackie O's Brewery,O'Hooley's,,,,,,,
Y,,Jackie O's Taproom,Jackie O's Brewery,Homer's Hazy,,,,,,,
Y,,Jackie O's Taproom,Jackie O's Brewery,Gone Festin',Hard Ginger Beer,4.5%,Hard Ginger Beer style seltzer made with fruity pineapple and mango juice.,,,,
Y,,Jackie O's Taproom,Jackie O's Brewery,Whole Lotta Colada,Fruited Hazy IPA,7.0%,The official beer of Ohio Brew Week! A Pina Colada inspired Hazy IPA fermented with pineapple puree and conditioned on flaked coconut and vanilla beans. Made in collaboration with OU's Chemistry 4501 Principles of Brewing class.,,,,
Y,,Jackie O's Taproom,Jackie O's Brewery,Stroud's Shandy,Shandy style Lager,4.2%,Crisp lager blended with Pink Lemonade!,,,,
Y,,Jackie O's Taproom,Jackie O's Brewery,NY HopGuild 3Cone IPA,West Coast IPA,6.2%,A collaborative West Coast IPA brewed with New York grown Vista hops and the brand new experimental 3Cone hop. Come enjoy a pint with Chris from the HopGuild!,,,,
Y,,Jackie O's Taproom,Jackie O's Brewery,Hard Cider,Hard Cider,5.8%,"Craft Hard Cider made with apples from New York and Michigan. Smooth, approachable and easy drinking",,,,
Y,,Jackie O's Taproom,Jackie O's Brewery,Bernarda,Mixed Fermentation style Saison,5.0%,"Slowly fermented with our house mixed fermentation saison culture, Bernarda’s restful transformation delivers deep yet delicate notes of tropical fruit and peppery yeast. Bernarda is named in tribute to Bernarda Bryson Shahn, a prolific artist from the New Deal era who was born in Athens, Ohio.",,,,
Y,,Jackie O's Taproom,Jackie O's Brewery,Pineapple Tangerine Ginger Perpetum,American Sour Ale,5.5%,"Our Houe Sour Wheat Ale refermented with pineapple, tangerine and ginger.",,,,
Y,,Jackie O's Taproom,Jackie O's Brewery,Bourbon Barrel Aged Dark Apparition,BA Imperial Stout,14.8%,"Seven malts were used to create deep flavors of coffee, chocolate, caramel, and molasses. A hint of bitterness and herbal character from carefully selected European and American hops help support the monolithic maltiness. After conditioning in stainless steel, the beer was transferred to into bourbon barrels. Dark Apparition waited patiently in oak barrels until the time was right to spring forth with its ghostly gusto. A truly decadent brew that is intended to be poured into your favorite snifter and given time to warm up from its dark and cool resting place.",,,,
Y,,Jackie O's Taproom,Jackie O's Brewery,Prodigality,BA Barleywine,13.7%,"Churning out complexity through time and heat. The solo grain, Maris Otter, brims the mash tun for a long soak. A portion of the first runnings were boiled and reduced, triggering the Maillard Reaction; through which, the vigorous heating of sugars adds a deeper color and flavor. Continuing on with an extended boil to increase said reaction. A prolonged nap of 20 months in bourbon barrels finishes off this luxurious prize. Indulge in Prodigality’s warm embrace with notes of burnt sugar, sweet prune, oak, and leather.",,,,
Y,,Jackie O's Taproom,Jackie O's Brewery,Temple of Minerva,BA Imperial Stout,14.5%,Extravagant Imperial Stout aged for 20 months in mixed bourbon barrels.,,,,
Y,,Jackie O's Taproom,Jackie O's Brewery,Time Beyond Time,BA Barleywine,11.0%,This Barleywine was brewed from a single high quality English barley and a single high quality English hop with the addition of brown sugar added during the extended boil in the kettle. It was then aged in a blend of bourbon barrels for 21 months.,,,,
Y,,Jackie O's Taproom,Jackie O's Brewery,Cherry Lime Dinosaurs on TV,Craft Hard Seltzer,4.5%,Real fruit Hard Seltzer made with Montmorency cherries and lime,,,,
Y,,Jackie O's Taproom,Jackie O's Brewery,Blueberry Lemon Vanilla Dinosaurs on TV,Craft Hard Seltzer,4.5%,"Real fruit Hard Seltzer made with blueberry, lemon and vanilla beans!",,,,
Y,,Jackie O's Taproom,Jackie O's Brewery,3 Lines of Rotating Draft Cocktails,,,,,,,
Y,,Little Fish Brewing Company,Little Fish Brewing Company,Maker of Things,Sour Red Ale,9.3%,Foeder & wine barrel-aged sour red ale,https://untappd.com/b/little-fish-brewing-company-maker-of-things/1650366,Yes,Bottles Available!,
Y,,Little Fish Brewing Company,Little Fish Brewing Company,Ohio Weizen,Hefeweizen,5.5%,Hefeweizen,https://untappd.com/b/little-fish-brewing-company-ohio-weizen/5988225,No,,
Y,,Little Fish Brewing Company,Little Fish Brewing Company,Lil' Harvey's Milk Stout,Milk Stout,5.5%,"Milk Stout, on nitro",https://untappd.com/b/little-fish-brewing-company-lil-harvey-s-milk-stout/1154710,No,,
Y,,Little Fish Brewing Company,Little Fish Brewing Company,Woodthrush,Farmhouse Ale,6.7%,"Amber farmhouse ale, lightly spiced",https://untappd.com/b/little-fish-brewing-company-woodthrush/1164839,No,,
Y,,Little Fish Brewing Company,Little Fish Brewing Company,Spruce Crispy,Spruce Tip Lager,5.5%,"100% Ohio-Grown, Pale Lager with Spruce Tips",https://untappd.com/b/little-fish-brewing-company-spruce-crispy/6299173,Yes,,
Y,,Little Fish Brewing Company,Little Fish Brewing Company,Guava Reinheitsgewhat!?,Tart Wheat Ale,4.2%,Quick-sour wheat ale with guava & spices,https://untappd.com/b/little-fish-brewing-company-guava-reinheitsgewhat/4835324,Yes,,
Y,,Little Fish Brewing Company,Little Fish Brewing Company,Dear Science,Hazy IPA,6.7%,"Hazy IPA with Citra, Mosaic, and Sabro hops",https://untappd.com/b/little-fish-brewing-company-dear-science/4234967,No,,
Y,,Little Fish Brewing Company,Little Fish Brewing Company,Karmanfest,Festbier,5.6%,Malty amber German lager,https://untappd.com/b/little-fish-brewing-company-karmanfest/1259165,No,,
Y,,Little Fish Brewing Company,Little Fish Brewing Company,Ridge Runner Lil' Harvey's,Coffee Milk Stout,5.5%,"Milk Stout with coffee, on nitro",https://untappd.com/b/little-fish-brewing-company-ridge-runner-lil-harvey-s/2091817,No,,
Y,,Little Fish Brewing Company,Little Fish Brewing Company,Abseil Pils,German Pilsner,5.5%,German-style pilsner,https://untappd.com/b/little-fish-brewing-company-abseil-pils/5563473,No,,
Y,,Little Fish Brewing Company,Little Fish Brewing Company,Pescado Relajado,Mexican Lager,4.8%,Mexican Light Lager,https://untappd.com/b/little-fish-brewing-company-pescado-relajado/5420441,Yes,,
Y,,Little Fish Brewing Company,Little Fish x Sixth Sense,Saison du Sud,Saison,6.2%,Saison with sumac,https://untappd.com/b/little-fish-brewing-company-saison-du-sud/6755107,Yes,,
Y,,Little Fish Brewing Company,Little Fish Brewing Company,Sylph,Cold IPA,6.50%,Cold IPA,https://untappd.com/b/little-fish-brewing-company-sylph/6446953,Yes,,
Y,,Little Fish Brewing Company,Little Fish Brewing Company,Pinche Guey,Mexican Chocolate Imperial Stout,13.5%,Bourbon Barrel-aged Mexican Chocolate Imperial Stout,https://untappd.com/b/little-fish-brewing-company-pinche-guey-2026-blend-batch-4/6655658,Yes,,
Y,,Little Fish Brewing Company,Little Fish Brewing Company,"Appalachian Spontaneous Ale, Batch 2",Sour Blond Ale,7.3%,Spontaneously-fermented sour blond ale,https://untappd.com/b/little-fish-brewing-company-appalachian-spontaneous-ale-batch-2/6590789,Yes,Bottles Available!,
Y,,Little Fish Brewing Company,Little Fish Brewing Company,Soft Distortion,Hazy IPA,6.7%,Hazy IPA with Strata & Nectaron hops,https://untappd.com/b/little-fish-brewing-company-soft-distortion/6708546,Yes,,
Y,,Little Fish Brewing Company,Little Fish Brewing Company,Safari Flaps,Hazy IPA,6.7%,Hazy IPA with Citra & Azacca hops,https://untappd.com/b/little-fish-brewing-company-safari-flaps/4475695,Yes,,
Y,,Little Fish Brewing Company,Little Fish Brewing Company,Kalsarikannit,Baltic Porter,8.5%,Baltic Porter,https://untappd.com/b/little-fish-brewing-company-kalsarikannit/2023579,Yes,,
Y,,Little Fish Brewing Company,Little Fish Brewing Company,Untamed Shrew,Spiced Brown Ale,6.0%,"Brown ale with sorghum molasses, spicebush, ginger, and pink peppercorn",https://untappd.com/b/little-fish-brewing-company-untamed-shrew/6622522,Yes,,
y,,Little Fish Brewing Company,Sixth Sense x Little Fish,Appalachian Iron,Smoked Amber Lager,5.0%,Cherrywood-smoked amber lager,https://untappd.com/b/sixth-sense-brewing-appalachian-iron/6741008,Yes,,
y,,Little Fish Brewing Company,Little Fish x Wooly Pig,(To Be Named),Smoked Blond Lager,6.1%,Mulberry wood-smoked blond lager,,Yes,,
y,,Little Fish Brewing Company,Yellow Springs x Little Fish,(To Be Named),Saison,,Saison with Ohio honey,,Yes,,
y,,Little Fish Brewing Company,Seventh Son x Little Fish,Metaphysical Graffiti,Vegan Milkshake IPA,7.7%,Hazy IPA with pineapple juice & vanilla,https://untappd.com/b/seventh-son-brewing-company-metaphysical-graffiti/3774091,Yes,,
Y,,Little Fish Brewing Company,Little Fish Brewing Company,Moonville Stout - 2026 Blend,Imperial Stout,16.4%,Bourbon Barrel-aged Imperial Stout,https://untappd.com/b/little-fish-brewing-company-moonville-stout-2026-blend/6755122,Yes,Bottles Available!,
y,,Little Fish Brewing Company,Little Fish Brewing Company,Everett's Ale,Extra Pale Ale,5.2%,Pale ale with Mosaic hops,https://untappd.com/b/little-fish-brewing-company-everett-s-pale-ale/2170992,Yes,,
y,,Little Fish Brewing Company,Little Fish Brewing Company,Green Bridge IPA,West Coast IPA,6.5%,West Coast IPA,https://untappd.com/b/little-fish-brewing-company-green-bridge-ipa/3929377,Yes,,
y,,Little Fish Brewing Company,Little Fish Brewing Company,Sunfish,Sour Blond Ale ,8.0%,Sour blond ale with Ohio honey,https://untappd.com/b/little-fish-brewing-company-sunfish/1609982,Yes,Bottles Available!,
y,,Little Fish Brewing Company,Little Fish Brewing Company,Batch 664 + Woods,Imperial Stout,14.0%,Bourbon barrrel-aged imperial stout conditioned on palo santo & amburana wood,https://untappd.com/b/little-fish-brewing-company-batch-664-woods/6755138,Yes,,
y,,North End Kitchen & Bar,Rhinegeist Brewery,Bubbles,Hard Craft,5.00%,"Refreshingly effervescent blend of peach, apple, and cranberry",,,,
y,,North End Kitchen & Bar,Rhinegeist Brewery,Truth IPA,IPA,7.20%,"Brewed with a nod to the Pacific, tropical fruit aroma, grapefruit and mango",,,,
y,,North End Kitchen & Bar,Rhinegeist Brewery,House Cat,Pilsner,5.20%,"Swift in body and mind, House Cat sprints ever forward. Pure crisp, clean",,,,
y,,North End Kitchen & Bar,Rhinegeist Brewery,Grapefruit Bubbles,Hard Craft,6.20%,A bright blend of apple and grapefruit that acts as a vacation for your tastebuds,,,,
y,,North End Kitchen & Bar,Rhinegeist Brewery,Juicy Truth,Hazy Imperial IPA,6.50%,"Mouthwatering tropical notes from a generous hop bill. Pineapple, mango, citrus",,,,
y,,North End Kitchen & Bar,Saucy Brew Works,"Love You, Bye",Hazy Imperial IPA,8.00%,Super juicy and permantely hazy,,,,
y,,North End Kitchen & Bar,Market Garden Brewery,Citramax,IPA,7.40%,West Coast IPA dry-hopped w/ citra hops and citrus fruited aromas,,,,
y,,North End Kitchen & Bar,Market Garden Brewery,Shandy,Lemon Shandy,4.50%,Blend of a pale wheat beer and sparkling lemon soda,,,,
y,,OU Inn,Fat Head's Brewery,Benjamin Danklin,Seasonal IPA,7.4%,"Like a lightening bolt of lupulin, this celebratory IPA is loaded with notes of citrus, mango and pine. Available for a limited time! ",,,,
y,,OU Inn,Fat Head's Brewery,Bumble Berry Lemonade Shandy,Blueberry Lemon Shandy,3.0%,A bright twist on everyone's favorite Bumble Berry! ,,,,
y,,Overhang,Seventh Son,Kitty Paw Concord Grape Selzer,Concord Grape Selzer,4.2%,,,,,
y,,Overhang,Seventh Son,Assistant Manager,American Golden Ale,4.5%,,,,,
y,,Overhang,Land Grant,Lemon Glow,Hazy Pale Ale,5.7%,,,,,
y,,Overhang,Land Grant,Low Hanging Cider,Tangerine Cider,5.0%,,,,,
y,,Overhang,Nocterra Brewing Company,Southern Terminus,Mexican Lager,5.0%,,,,,
y,,Overhang,Rhinegeist Brewery,Truth,IPA,7.2%,,,,,
y,,Overhang,Rhinegeist Brewery,Expressionism,Tropical IPA,6.8%,,,,,
y,,Pigskin,Wolf's Ridge Brewing,Buckeye Daybreak,Daybreak infused with Chocolate and Peanut Butter,5.0%,Coffee Cream Ale infused with Chocolate and peanut butter,https://untappd.com/b/wolf-s-ridge-brewing-buckeye-daybreak/5052904,Y,,
y,,Pigskin,Nocterra,Beta-Mosa,New England IPA,6.5%,"Beta-Mosa, a vibrant twist on our flagship Beta Flash, is a mimosa-inspired Hazy IPA brewed with Mosaic, Citra & El Dorado Hops. Layered with juicy Tangerine & Cara Cara Orange, it bursts with citrus & brunch-vibe refreshment!",https://untappd.com/b/nocterra-brewing-co-beta-mosa/6332251,Y,,
y,,Pigskin,Sixth Sense ,Murk Juice,NEIPA-,6.8%,"Mosaic, El Dorado and citra hops give this super hazy NEIPA a juicy, clean finish",,,,
y,,Pigskin,Sixth Sense ,Watermelon Lime Shift Beer,Blonde,5.0%,NEW refreshing watermelon lime golden ale just in time for the summer,,,,
y,,Pigskin,Sixth Sense ,Palo Santo,Aged Scotch Ale,8.6%,"Scotch ale aged on Brazilian Palo Santo Wood",,,,
y,,Pigskin,Nocterra,Sun Scream,Summer Wheat,5.0%,"Bursting with bright, citrus aroma, this summer wheat is a total summer crusher",,,,
Y,,Pigskin,Jackie O's,Ultra Razz,Imperial Wheat Ale,8.0%,,,,,
Y,,Pigskin,Yellow Springs, Familiar Voice,Flanders Red Ale,5.8%,,,,,
Y,,Stephens,Columbus Brewing Co,,,,,,,,
Y,,Stephens,Rhinegeist Brewery,,,,,,,,
Y,,Stephens,Great Lakes Brewing Co.,,,,,,,,
Y,,The CI,50 West,Apple Light,Lager,4.20%,"Light lager layered with vibrant green apple character. Big, bright green apple jumps from the glass with a candy-like aroma,delivering bold flavor up front before finishing clean and dry for an easy-drinking, refreshing pint.",https://untappd.com/b/fifty-west-brewing-company-apple-light/6682390,,On tap all week long,
Y,,The CI,50 West,Juiced Up,Mango Berry Blonde,4.70%,"Layered with vibrant fruit character, this fruited blonde starts  bhy7",,,,
Y,,The CI,50 West,Hearth Fire Mexican Hot Chocolate Stout,Stout,6.30%,"This beer is built around rich chocolate, coffee, and warming spice. Cocoa nibs, lactose, cinnamon, orange peel, and fresh-crushed nutmeg create a silky, dessert-like body, while Deeper Roots Alchemy Espresso layers in deep roasted coffee character. A carefully balanced six-pepper blend adds warmth rather than heat. Brewed on a base on abase of English malts with just a hint of vanilla, the result is spicy, sweet, and complex, with lingering chocolate-coffee depth.",,,,
Y,,The CI,50 West,Lemon Frostie,IPA,6.70%,"This bad boy, originally created in collaboration with our friends at Brewfontaine, is brewed with lactose, Madagascar vanilla beans, lemon purée,lemon zest and Lemondrop hops create a creamy, citrusy flavor reminiscent of a sticky lemon frostier! This brew ain't no lemon, but it's packed to the heckin' lid with 'em",https://untappd.com/b/fifty-west-brewing-company-lemon-frostie/5805399,,,
Y,,The CI,Land Grant,Peak,Pilsner,5.20%,"This Pilsner is brewed with a base of Ohio-grown Pilsner and Vienna malts and hopped throughout the process with American-grown Aleena and German-grown Saphir. Notes of rich,crackers malt are balanced by delicate floral, herbal, and citrus hop aromas with a crisp, snappy finish",,,,
Y,,The CI,Land Grant,Mixed Berry Cider,Cider,5%,"Craft cider featuring blueberry,blackberry, raspberry and strawberry flavors",,,,
y,,The CI,Nocterra,Drift a Bit,Shandy,5%,"Brewed in partnership with Great Ohio Lodges and Ohio State Parks Foundation, Take A Hike is an IPA made for the trailblazer in all of us. Brewed with Citra, Mosaic and Simone hops. It delivers vibrant Burt's of citrus, tropical fruit and stone fruit layered over hints of pine and a crisp balanced bitterness.",https://untappd.com/b/nocterra-brewing-co-take-a-hike/6178456,,,
y,,The CI,Nocterra,Cali Swell,Blackberry and Raspberry Gose,6%,"It's double dry-hopped and packed full of citrus, grapefruit and hints of pineapple. ",https://untappd.com/b/nocterra-brewing-co-beta-flash/2895195,,,
y,,The CI ,50 West,Extra Pickles,Gose,4.50%,"Extra Pickles is a tart, salty, goes-style sour beer brewed with pilsner malt, wheat, coriander, and real pickle brine from the same kitchen pickles we serve on our burgers. Bright, briny, and unmistakably dill, it's crisp pickle punch built for anyone who thinks pickles are no longer just a burger topping.",https://untappd.com/b/fifty-west-brewing-company-extra-pickles/6755370,, This is a rotating tap handle. Check OBW website to see if it's tapped yet.,
y,,The Crystal,Grarage Beer,Classic Lime,Lager,4.0%,"GARAGE BEER LIME IS BEER-FLAVORED BEER WITH A HIT OF LIME. CRISP, EASY-DRINKING BEER, WITH A BRIGHT SQUEEZE OF LIME TO KEEP THINGS EXTRA REFRESHING",,,,
y,,The Crystal,Columbus Brewing Co,Bohdi JR,IPA,4.7%,"Light, crisp, and sessionable, with IPA level aromatics including notes of tropical passionfruit, citrus, and stone fruit. Featuring a blend of Citra®, Cashmere and Dolcita®.",,,,
y,,The Crystal,Columbus Brewing Co,American 250 - OHIO,IPA,5.7%,"In partnership with the bi-partisan America 250 Committee of Ohio, we're proud to brew this limited release IPA to celebrate America's 250th birthday. Pale in color, with a med-low bitterness, Idaho 7® and the American-classic Chinook hops combine for aromas of pineapple, citrus, and pine.",,,,
y,,The Crystal,Columbus Brewing Co,Dank Charmer,Terpene IPA,7.5%,"Deep golden in color and bright. Brewed with a combination of Mosaic®, Strata®, and Abstrax® botanical terpenes. Powerful, dank aromatics followed by notes of citrus and tropical fruit.",,,,
y,,The Crystal,Northern Row,Surfer,Pineapple Hefeweizen,5.2%,"Notes of banana, bubblegum, and clove in a soft wheat body, brightened by juicy pineapple. Light, slightly tart, and clean with a refreshing finish",,,,
y,,The Crystal,Northern Row,Islander,Juicy IPA,6.1%,"Expect aromas of ripening mangos, tangerine peel, a glass of sauv blanc soaking up some rays, and a freshly rolled 'lefty' for good measure. Big tropical energy up front, with juicy orange and apricot flavors riding the wave all the way in.",,,,
y,,The Jbar,Mad Tree Brewing,Rounding Third,Red IPA,6.40%,Slight carmel semi-sweet malt backbone balanced by a strong hop profile,,,,
y,,The Jbar,Mad Tree Brewing,Seeing Colors,Hazy IPA,6.50%,Brewed to maximize all the fruity notes from hops without any of the bitterness,,,,
y,,The Jbar,Mad Tree Brewing,Dreamsicle,Orange and Vanilla Ale,4.80%,"Light body with delicate feel and a mild, balanced flavor",,,,
y,,The Jbar,Seventh Son Brewing Company,Humulus Nimbus,Super Pale Ale,6.00%,Summer friendly golden ale that is both super crisp and hop forward,,,,
y,,The Jbar,Seventh Son Brewing Company,Assistant Manager,Golden Ale,4.50%,Delicate hops and golden malts give way to firm bitterness and a clean finish,,,,
y,,The Jbar,Seventh Son Brewing Company,Kitty Paw Lime Guava,Fruited Seltzer,4.20%,"Refreshing guava with a lime bite that scrubs the palate and makes for a spritzy, clean finish",,,,
y,,The Pub,Brew Dog,Cold Beer,Blueberry Lager,4.5,Crisp and clean balanced lager with blueberry notes,,,,
y,,The Pub,Brew Dog,Baby Hazy,Light IPA,3.2,Crushable light IPA,,,,
y,,The Pub,Combustion,Strawberry Blonde,Blonde Ale,5,"Light, refreshing and slightly malty",,,,
y,,The Pub,Combustion,American IPA,IPA,6.5,Vibrant and tropical,,,,
y,,The Pub,Hoppin Frog ,Turbo Shandy (can),Shandy,7,"Half citrus, half chaos",,,,
y,,The Pub,Jackie O's,Ricky,Lager,4.5,Southeastern Ohio's blue collar beer,,,,
y,,The Pub,Jackie O's,Ultra Razz,Fruited Wheat,8,Razz wheat turned to 11!,,,,
y,,The Pub,Jackie O's,Who Cooks For You (can),Hazy IPA,5.5,Dank and juicy AF,,,,
y,,The Pub,Jackie O's,Mystic Mama (can),West Coast IPA,7,"Grapefruit, resin and pine",,,,
y,,The Pub,Nocterra,Drift a Bit,Shandy,5,"Tart, citrusy and easy drinking",,,,
y,,The Pub,Rhinegeist,Truth IPA (can),IPA,7.2,Mango punch and dry finish,,,,
Y,,The Side Bar,BrewDog,Cold Beer Blueberry,American Light Lager,4.5%,"Crisp, highly crushable and infused with real fruit flavor.",https://untappd.com/search?q=brew+dog+cold+beer+blueberry,,,
Y,,The Side Bar,Land Grant,Hoppy Session,Session,4.0%,"Grapefruit, Stone fruit, Tangerine",n/a,,Yes,"So new, that they don't even know yet"
Y,,The Side Bar,Land Grant,Pool Party,Pilsner - Czech / Bohemian,5.4%,"Summer-centric Pilsner. Crisp, light, and refreshing. Easy-drinking option during hot weather.",https://untappd.com/b/land-grant-brewing-company-pool-party/1665945,,,
Y,,The Side Bar,West End Ciderhouse,Prickly Pear,Modern Cider,6.5%,Dry-to-sweet scale dry,https://untappd.com/b/west-end-ciderhouse-prickly-pear/6337718,,,
Y,,The Side Bar,Fat Heads,Bean Me Up,Imperial Coffee Stout,8.8%,Conditioned on whole bean coffee lending aromas of fresh roasted coffee and dark chocolate. Medium-full body and sweet finish.,https://untappd.com/b/fat-head-s-brewery-bean-me-up-imperial-coffee-stout/75902,,Yes,Excluisive to Side Bar for OBW 26
Y,,The Side Bar,Fat Heads,Head Hunter,India Pale Ale,7.5%,"Agressively dry-hopped, American-Style IPA with a huge hop display of pine, grapefruit, citrus, and pineapple.",https://untappd.com/b/fat-head-s-brewery-head-hunter/11845,,,
Y,,The Side Bar,Devil's Kettle,Helles Awaits,Lager,5.0%,"Light but full flavored, malty lager.",https://untappd.com/b/devil-s-kettle-brewing-helles-awaits/2028826,,,
Y,,The Side Bar,Devil's Kettle,Mc’ginns Irish Stout,Irish Stout,5.5%,Brewed in honor of our late friend Dick McGinn and based off his award winning homebrew recipe,https://untappd.com/b/devil-s-kettle-brewing-mcginn-s/2597696,,,
Y,,The Side Bar,Jackie O's,Firefly Amber Ale,American Amber/Red,4.5%,Lightly roasted malt gives Firefly a biscuit-like finish. Carefully selected hops provide an herbal and mildly citrus aroma and flavor.,https://untappd.com/b/jackie-o-s-brewery-firefly-amber/42630,,,
Y,,The Side Bar,Dafuque Beer Company,Guava Gone Wild,Sour/Fruited Berliner Weisse,10.0%,Spontaniously fermented belgin based fruited with fresh guava puree,https://untappd.com/b/dafuque-beer-company-guava-gone-wild/6624453,,,
Y,,The Side Bar,Dafuque Beer Company,DFQ IPA,American IPA,6.8%,"Classic American IPA, medium body, citrus and pine hop character. Balanced by a clean malt back bone with a crisp finish. ",n/a,,,Just debued June 2026
Y,,The Side Bar,Fat Head's Brewery,Head Hunter ,West Coast IPA ,7.5%,"Award Winning, agrressively dry hopped, west coast style IPA with a huge hop display of pine, grapefruit, citrus, and pineapple. ",,,,
Y,,The Side Bar,Fat Head's Brewery,Bean Me Up ,Imperial Coffee Stout,8.8%,Imperial Stout conditioned on whole bean coffee lending aromas of fresh roasted coffee and dark chocolate with a medium-full body and sweet finish. ,,,,
y,,The Union,Fat Head's Brewery,Bumble Berry Lemonade Shandy,Blueberry Lemon Shandy,3.0%,A bright twist on everyone's favorite Bumble Berry! ,,,,
y,,The Union,Fat Head's Brewery,Lake Erie Pills,"Pilser,. German",5.7%,"Crisp, clean and refreshing German-style lager crafted with German pilsner malt, Noble hops, lager yeast and locally sourced, purified Lake Erie water",https://untappd.com/b/fat-head-s-brewery-lake-erie-pils/4577913,,,
y,,The Union,Fat Head's Brewery,Goggle Fogger,"Hefeweizen, Wheat Beer",5.4%,"Aromas and flavors of wheat, bubblegum, clove and spice swirl",https://untappd.com/b/fat-head-s-brewery-goggle-fogger-hefe-weizen/8091,,,
y,,The Union,Fat Head's Brewery,Head Hunter,American Style IPA,7.5%,"Aware winnning, aggressively dry-hopped, Amelican-Style IPA with huge hop display of pine, grapefruit, citrus anmd pineapple",https://untappd.com/b/fat-head-s-brewery-head-hunter/11845,,,
y,,The Union,Fat Head's Brewery,Benjamin Danklin,American Style IPA,7.4%,"A potent blemd of Citra, Simicoe and other west coast hops, delivering robust notes of citrus, tropical fruit, mango and pine.  Crisp,, dry and a distinctly ""Dank"" finish",https://untappd.com/b/fat-head-s-brewery-benjamin-danklin/1521592,,,
y,,The Union,Rhinegiest,Juicy Truth,Hazy IPA,6.5%,"Brimming with notes of Juicy pineapple, fresh Mango and bright citrus",https://untappd.com/b/rhinegeist-brewery-juicy-truth/1082937,,,
y,,The Union,Rhinegiest,Grapefruit Bubbles,fruit beer ,6.2%,Grapefruit Bubbles is a bright and sunny blend of apple and grapefruit,https://untappd.com/b/rhinegeist-brewery-grapefruit-bubbles/6667809,,,
y,,The Union,Rhinegiest,Expressionism,American Style IPA,6.3%,"Strawberry-banana, with some tropical notes,  pineapple/pasionfruit. Low/light bodied. Clear, pale yellow",https://untappd.com/b/rhinegeist-brewery-expressionism/5819017,,,
y,,The Union,Jackie O's,Homers Hazy,New England/Hazy IPA,6.6%,"Fruited, Hazy IPA brewed with bright and vibrant hops, pineapple and tangerine",https://untappd.com/b/jackie-o-s-brewery-homer-s-hazy/4870687,,,
y,,The Union,Devils Kettle ,Spider Silk,Blonde/Golden Ale,7.0%,"Light but strong blonde ale that artfully blends elements of English, German and american brewing ingredients and traditions",https://untappd.com/b/devil-s-kettle-brewing-spider-silk/1111997,,,
y,,The Union,Little Fish,Spruce Crispy,Lager - Pale,5.4%,"100 % Ohio-grown pale lager with spruce tips, chinook and Crystal Hops",https://untappd.com/b/little-fish-brewing-company-spruce-crispy/6299173,,,
y,,The Union,Garage Beer,Classic Lime,Lager - Pale,4.0%,Classic Light Beer with a hint of lime.  Small batch brewed,https://untappd.com/b/garage-beer-classic-lime-beer/4410368,,,
Y,,Tony's Tavern,Fat Head's Brewery,Lime Feelin' Good,Lime Cerveza,4.9%,Lightly hopped lager fermented with Mexican style lager yeast for authenticity and infused with dehydrated pulvarized limes. ,,,,
Y,,Tony's Tavern,Combustion Brewing,Strawberry Blonde,Fruited Ale,5.0%,"Wanderlust Blonde Ale with Strawberries. ""Like a liquid strawberry muffin""",,,,
Y,,Tony's Tavern,Combustion Brewing,Combustion IPA,American IPA,6.50%,"Vibrant tropical fruit, orange, mango, and notes of lemon. Huge Hop character + low bitterness = A highly drinkable IPA",,,,
Y,,Tony's Tavern,Phoenix Brewing Company,Buckeye Ferryman,Milk Stout,7.2%,Milk Stout with Peanut Butter & Chocolate,,,,
Y,,Tony's Tavern,Phoenix Brewing Company,Salty Mermaid,Gose,4.5%,"Margarita Gose with sea salt, watermelon & lime",,,,
,,Lucky's,Third Eye Brewing,Third Eye IPA,West Coast IPA,6.3%,"Dank, piney, and grapefruit hop flavors. ",,,,
,,Lucky's,Third Eye Brewing,Getting Twisted,German Pretzel Ale,5.2%,"German Barley, rye, and wheat migle with a touch of salt to deliver a one of a king liquor pretzel flavor",,,,
,,Lucky's,Wolf's Ridge Brewing,Walking Taco,Mexican Lager,4.5%,"A classic Mexican brew gets the Midwestern treatment! Like tasty tacos crunched up in your favorite bag of chips, our Mexican-style lager with lime is sure to be a crushable crowd pleaser for any occasion.",,,,
,,Lucky's,Wolf's Ridge Brewing,Trip Sitter,New England/Hazy IPA,6.5%,pineapple infused,,,,
,,,,,,,,,,,
,,The CI,Nocterra,Take A Hike,West Coast IPA,6.5%,"Brewed in partnership with Great Ohio Lodges and Ohio State Parks Foundation, Take A Hike is an IPA made for the trailblazer in all of us. Brewed with Citra, Mosaic and Simone hops. It delivers vibrant Burt's of citrus, tropical fruit and stone fruit layered over hints of pine and a crisp balanced bitterness.",https://untappd.com/b/nocterra-brewing-co-take-a-hike/6178456,,,
,,The CI,Nocterra,Beta Flash,NE IPA,6.5%,"It's double dry-hopped and packed full of citrus, grapefruit and hints of pineapple. ",https://untappd.com/b/nocterra-brewing-co-beta-flash/2895195,,,
,,The CI,Land Grant,Marimba,Pineapple Ale,5.20%,"This tart fruit beer is brewed with a simple base of Pilson malt and conditioned on huge portions of sweet pineapple concentrate. Notes of vibrant, tropical pineapple are balanced by a clean, refreshing snappy acidity with a light sweetness.",,,,
,,The CI,Land Grant,Dog Day,IPA,6.8 %,"American IPA brewed with Pilsner,Vienna, and Dextrin malt and hopped with Mosaic, El Dorado, and Krush. Bright golden with aromas of citrus and tropical fruit, followed by flavors of orange, mango, and stone fruit with firm bitterness and a clean, dry finish.",,,,
,,Eclipse ,Fat Head's Brewery,Bumble Berry,Honey Blueberry Ale,5.3%,"Brewed with spring honey and infused with fresh blueberry puree. Light, refreshing ale. ",,,,